<?xml version="1.0" encoding="UTF-8"?>
<project-private xmlns="http://www.netbeans.org/ns/project-private/1">
    <editor-bookmarks xmlns="http://www.netbeans.org/ns/editor-bookmarks/2" lastBookmarkId="0"/>
    <open-files xmlns="http://www.netbeans.org/ns/projectui-open-files/2">
        <group>
            <file>file:/Users/ijuwon/Downloads/ALECBOARD%20V0.1%20BETA/README.md</file>
            <file>file:/Users/ijuwon/Downloads/ALECBOARD%20V0.1%20BETA/common/js/common.js</file>
            <file>file:/Users/ijuwon/Downloads/ALECBOARD%20V0.1%20BETA/common/lang/default_ko.php</file>
            <file>file:/Users/ijuwon/Downloads/ALECBOARD%20V0.1%20BETA/install/index.php</file>
        </group>
    </open-files>
</project-private>
